"id","blockId","roomTypeId","floor","roomNumber","occupiedBeds"
"1","1","4","1","101","0"
"2","1","4","1","102","0"
"3","1","4","1","103","0"
"4","1","4","1","104","0"
"5","1","4","1","105","0"
"6","1","4","1","106","0"
"7","1","4","1","107","0"
"8","1","4","1","108","0"
"9","1","4","1","109","0"
"10","1","4","1","110","0"
"11","1","4","1","111","0"
"12","1","4","1","112","0"
"13","1","4","1","113","0"
"14","1","4","1","114","0"
"15","1","4","1","115","0"
"16","1","5","1","116","0"
"17","1","5","1","117","0"
"18","1","5","1","118","0"
"19","1","5","1","119","0"
"20","1","5","1","120","0"
"21","1","5","1","121","0"
"22","1","5","1","122","0"
"23","1","5","1","123","0"
"24","1","5","1","124","0"
"25","1","5","1","125","0"
"26","1","5","1","126","0"
"27","1","5","1","127","0"
"28","1","5","1","128","0"
"29","1","5","1","129","0"
"30","1","5","1","130","0"
"31","1","4","2","201","0"
"32","1","4","2","202","0"
"33","1","4","2","203","0"
"34","1","4","2","204","0"
"35","1","4","2","205","0"
"36","1","4","2","206","0"
"37","1","4","2","207","0"
"38","1","4","2","208","0"
"39","1","4","2","209","0"
"40","1","4","2","210","0"
"41","1","4","2","211","0"
"42","1","4","2","212","0"
"43","1","4","2","213","0"
"44","1","4","2","214","0"
"45","1","4","2","215","0"
"46","1","5","2","216","0"
"47","1","5","2","217","0"
"48","1","5","2","218","0"
"49","1","5","2","219","0"
"50","1","5","2","220","0"
"51","1","5","2","221","0"
"52","1","5","2","222","0"
"53","1","5","2","223","0"
"54","1","5","2","224","0"
"55","1","5","2","225","0"
"56","1","5","2","226","0"
"57","1","5","2","227","0"
"58","1","5","2","228","0"
"59","1","5","2","229","0"
"60","1","5","2","230","0"
"61","1","4","3","301","0"
"62","1","4","3","302","0"
"63","1","4","3","303","0"
"64","1","4","3","304","0"
"65","1","4","3","305","0"
"66","1","4","3","306","0"
"67","1","4","3","307","0"
"68","1","4","3","308","0"
"69","1","4","3","309","0"
"70","1","4","3","310","0"
"71","1","4","3","311","0"
"72","1","4","3","312","0"
"73","1","4","3","313","0"
"74","1","4","3","314","0"
"75","1","4","3","315","0"
"76","1","5","3","316","0"
"77","1","5","3","317","0"
"78","1","5","3","318","0"
"79","1","5","3","319","0"
"80","1","5","3","320","0"
"81","1","5","3","321","0"
"82","1","5","3","322","0"
"83","1","5","3","323","0"
"84","1","5","3","324","0"
"85","1","5","3","325","0"
"86","1","5","3","326","0"
"87","1","5","3","327","0"
"88","1","5","3","328","0"
"89","1","5","3","329","0"
"90","1","5","3","330","0"
"91","1","4","4","401","0"
"92","1","4","4","402","0"
"93","1","4","4","403","0"
"94","1","4","4","404","0"
"95","1","4","4","405","0"
"96","1","4","4","406","0"
"97","1","4","4","407","0"
"98","1","4","4","408","0"
"99","1","4","4","409","0"
"100","1","4","4","410","0"
"101","1","4","4","411","0"
"102","1","4","4","412","0"
"103","1","4","4","413","0"
"104","1","4","4","414","0"
"105","1","4","4","415","0"
"106","1","5","4","416","0"
"107","1","5","4","417","0"
"108","1","5","4","418","0"
"109","1","5","4","419","0"
"110","1","5","4","420","0"
"111","1","5","4","421","0"
"112","1","5","4","422","0"
"113","1","5","4","423","0"
"114","1","5","4","424","0"
"115","1","5","4","425","0"
"116","1","5","4","426","0"
"117","1","5","4","427","0"
"118","1","5","4","428","0"
"119","1","5","4","429","0"
"120","1","5","4","430","0"
"121","1","4","5","501","0"
"122","1","4","5","502","0"
"123","1","4","5","503","0"
"124","1","4","5","504","0"
"125","1","4","5","505","0"
"126","1","4","5","506","0"
"127","1","4","5","507","0"
"128","1","4","5","508","0"
"129","1","4","5","509","0"
"130","1","4","5","510","0"
"131","1","4","5","511","0"
"132","1","4","5","512","0"
"133","1","4","5","513","0"
"134","1","4","5","514","0"
"135","1","4","5","515","0"
"136","1","5","5","516","0"
"137","1","5","5","517","0"
"138","1","5","5","518","0"
"139","1","5","5","519","0"
"140","1","5","5","520","0"
"141","1","5","5","521","0"
"142","1","5","5","522","0"
"143","1","5","5","523","0"
"144","1","5","5","524","0"
"145","1","5","5","525","0"
"146","1","5","5","526","0"
"147","1","5","5","527","0"
"148","1","5","5","528","0"
"149","1","5","5","529","0"
"150","1","5","5","530","0"
"151","1","4","6","601","0"
"152","1","4","6","602","0"
"153","1","4","6","603","0"
"154","1","4","6","604","0"
"155","1","4","6","605","0"
"156","1","4","6","606","0"
"157","1","4","6","607","0"
"158","1","4","6","608","0"
"159","1","4","6","609","0"
"160","1","4","6","610","0"
"161","1","4","6","611","0"
"162","1","4","6","612","0"
"163","1","4","6","613","0"
"164","1","4","6","614","0"
"165","1","4","6","615","0"
"166","1","5","6","616","0"
"167","1","5","6","617","0"
"168","1","5","6","618","0"
"169","1","5","6","619","0"
"170","1","5","6","620","0"
"171","1","5","6","621","0"
"172","1","5","6","622","0"
"173","1","5","6","623","0"
"174","1","5","6","624","0"
"175","1","5","6","625","0"
"176","1","5","6","626","0"
"177","1","5","6","627","0"
"178","1","5","6","628","0"
"179","1","5","6","629","0"
"180","1","5","6","630","0"
"181","1","4","7","701","0"
"182","1","4","7","702","0"
"183","1","4","7","703","0"
"184","1","4","7","704","0"
"185","1","4","7","705","0"
"186","1","4","7","706","0"
"187","1","4","7","707","0"
"188","1","4","7","708","0"
"189","1","4","7","709","0"
"190","1","4","7","710","0"
"191","1","4","7","711","0"
"192","1","4","7","712","0"
"193","1","4","7","713","0"
"194","1","4","7","714","0"
"195","1","4","7","715","0"
"196","1","5","7","716","0"
"197","1","5","7","717","0"
"198","1","5","7","718","0"
"199","1","5","7","719","0"
"200","1","5","7","720","0"
"201","1","5","7","721","0"
"202","1","5","7","722","0"
"203","1","5","7","723","0"
"204","1","5","7","724","0"
"205","1","5","7","725","0"
"206","1","5","7","726","0"
"207","1","5","7","727","0"
"208","1","5","7","728","0"
"209","1","5","7","729","0"
"210","1","5","7","730","0"
"211","1","4","8","801","0"
"212","1","4","8","802","0"
"213","1","4","8","803","0"
"214","1","4","8","804","0"
"215","1","4","8","805","0"
"216","1","4","8","806","0"
"217","1","4","8","807","0"
"218","1","4","8","808","0"
"219","1","4","8","809","0"
"220","1","4","8","810","0"
"221","1","4","8","811","0"
"222","1","4","8","812","0"
"223","1","4","8","813","0"
"224","1","4","8","814","0"
"225","1","4","8","815","0"
"226","1","5","8","816","0"
"227","1","5","8","817","0"
"228","1","5","8","818","0"
"229","1","5","8","819","0"
"230","1","5","8","820","0"
"231","1","5","8","821","0"
"232","1","5","8","822","0"
"233","1","5","8","823","0"
"234","1","5","8","824","0"
"235","1","5","8","825","0"
"236","1","5","8","826","0"
"237","1","5","8","827","0"
"238","1","5","8","828","0"
"239","1","5","8","829","0"
"240","1","5","8","830","0"
"241","2","6","1","101","0"
"242","2","6","1","102","0"
"243","2","6","1","103","0"
"244","2","6","1","104","0"
"245","2","6","1","105","0"
"246","2","6","1","106","0"
"247","2","6","1","107","0"
"248","2","6","1","108","0"
"249","2","6","1","109","0"
"250","2","6","1","110","0"
"251","2","2","1","111","0"
"252","2","2","1","112","0"
"253","2","2","1","113","0"
"254","2","2","1","114","0"
"255","2","2","1","115","0"
"256","2","2","1","116","0"
"257","2","2","1","117","0"
"258","2","2","1","118","0"
"259","2","2","1","119","0"
"260","2","2","1","120","0"
"261","2","3","1","121","0"
"262","2","3","1","122","0"
"263","2","3","1","123","0"
"264","2","3","1","124","0"
"265","2","3","1","125","0"
"266","2","3","1","126","0"
"267","2","3","1","127","0"
"268","2","3","1","128","0"
"269","2","3","1","129","0"
"270","2","3","1","130","0"
"271","2","6","2","201","0"
"272","2","6","2","202","0"
"273","2","6","2","203","0"
"274","2","6","2","204","0"
"275","2","6","2","205","0"
"276","2","6","2","206","0"
"277","2","6","2","207","0"
"278","2","6","2","208","0"
"279","2","6","2","209","0"
"280","2","6","2","210","0"
"281","2","2","2","211","0"
"282","2","2","2","212","0"
"283","2","2","2","213","0"
"284","2","2","2","214","0"
"285","2","2","2","215","0"
"286","2","2","2","216","0"
"287","2","2","2","217","0"
"288","2","2","2","218","0"
"289","2","2","2","219","0"
"290","2","2","2","220","0"
"291","2","3","2","221","0"
"292","2","3","2","222","0"
"293","2","3","2","223","0"
"294","2","3","2","224","0"
"295","2","3","2","225","0"
"296","2","3","2","226","0"
"297","2","3","2","227","0"
"298","2","3","2","228","0"
"299","2","3","2","229","0"
"300","2","3","2","230","0"
"301","2","6","3","301","0"
"302","2","6","3","302","0"
"303","2","6","3","303","0"
"304","2","6","3","304","0"
"305","2","6","3","305","0"
"306","2","6","3","306","0"
"307","2","6","3","307","0"
"308","2","6","3","308","0"
"309","2","6","3","309","0"
"310","2","6","3","310","0"
"311","2","2","3","311","0"
"312","2","2","3","312","0"
"313","2","2","3","313","0"
"314","2","2","3","314","0"
"315","2","2","3","315","0"
"316","2","2","3","316","0"
"317","2","2","3","317","0"
"318","2","2","3","318","0"
"319","2","2","3","319","0"
"320","2","2","3","320","0"
"321","2","3","3","321","0"
"322","2","3","3","322","0"
"323","2","3","3","323","0"
"324","2","3","3","324","0"
"325","2","3","3","325","0"
"326","2","3","3","326","0"
"327","2","3","3","327","0"
"328","2","3","3","328","0"
"329","2","3","3","329","0"
"330","2","3","3","330","0"
"331","2","6","4","401","0"
"332","2","6","4","402","0"
"333","2","6","4","403","0"
"334","2","6","4","404","0"
"335","2","6","4","405","0"
"336","2","6","4","406","0"
"337","2","6","4","407","0"
"338","2","6","4","408","0"
"339","2","6","4","409","0"
"340","2","6","4","410","0"
"341","2","2","4","411","0"
"342","2","2","4","412","0"
"343","2","2","4","413","0"
"344","2","2","4","414","0"
"345","2","2","4","415","0"
"346","2","2","4","416","0"
"347","2","2","4","417","0"
"348","2","2","4","418","0"
"349","2","2","4","419","0"
"350","2","2","4","420","0"
"351","2","3","4","421","0"
"352","2","3","4","422","0"
"353","2","3","4","423","0"
"354","2","3","4","424","0"
"355","2","3","4","425","0"
"356","2","3","4","426","0"
"357","2","3","4","427","0"
"358","2","3","4","428","0"
"359","2","3","4","429","0"
"360","2","3","4","430","0"
"361","2","6","5","501","0"
"362","2","6","5","502","0"
"363","2","6","5","503","0"
"364","2","6","5","504","0"
"365","2","6","5","505","0"
"366","2","6","5","506","0"
"367","2","6","5","507","0"
"368","2","6","5","508","0"
"369","2","6","5","509","0"
"370","2","6","5","510","0"
"371","2","2","5","511","0"
"372","2","2","5","512","0"
"373","2","2","5","513","0"
"374","2","2","5","514","0"
"375","2","2","5","515","0"
"376","2","2","5","516","0"
"377","2","2","5","517","0"
"378","2","2","5","518","0"
"379","2","2","5","519","0"
"380","2","2","5","520","0"
"381","2","3","5","521","0"
"382","2","3","5","522","0"
"383","2","3","5","523","0"
"384","2","3","5","524","0"
"385","2","3","5","525","0"
"386","2","3","5","526","0"
"387","2","3","5","527","0"
"388","2","3","5","528","0"
"389","2","3","5","529","0"
"390","2","3","5","530","0"
"391","2","6","6","601","0"
"392","2","6","6","602","0"
"393","2","6","6","603","0"
"394","2","6","6","604","0"
"395","2","6","6","605","0"
"396","2","6","6","606","0"
"397","2","6","6","607","0"
"398","2","6","6","608","0"
"399","2","6","6","609","0"
"400","2","6","6","610","0"
"401","2","2","6","611","0"
"402","2","2","6","612","0"
"403","2","2","6","613","0"
"404","2","2","6","614","0"
"405","2","2","6","615","0"
"406","2","2","6","616","0"
"407","2","2","6","617","0"
"408","2","2","6","618","0"
"409","2","2","6","619","0"
"410","2","2","6","620","0"
"411","2","3","6","621","0"
"412","2","3","6","622","0"
"413","2","3","6","623","0"
"414","2","3","6","624","0"
"415","2","3","6","625","0"
"416","2","3","6","626","0"
"417","2","3","6","627","0"
"418","2","3","6","628","0"
"419","2","3","6","629","0"
"420","2","3","6","630","0"
"421","2","6","7","701","0"
"422","2","6","7","702","0"
"423","2","6","7","703","0"
"424","2","6","7","704","0"
"425","2","6","7","705","0"
"426","2","6","7","706","0"
"427","2","6","7","707","0"
"428","2","6","7","708","0"
"429","2","6","7","709","0"
"430","2","6","7","710","0"
"431","2","2","7","711","0"
"432","2","2","7","712","0"
"433","2","2","7","713","0"
"434","2","2","7","714","0"
"435","2","2","7","715","0"
"436","2","2","7","716","0"
"437","2","2","7","717","0"
"438","2","2","7","718","0"
"439","2","2","7","719","0"
"440","2","2","7","720","0"
"441","2","3","7","721","0"
"442","2","3","7","722","0"
"443","2","3","7","723","0"
"444","2","3","7","724","0"
"445","2","3","7","725","0"
"446","2","3","7","726","0"
"447","2","3","7","727","0"
"448","2","3","7","728","0"
"449","2","3","7","729","0"
"450","2","3","7","730","0"
"451","2","6","8","801","0"
"452","2","6","8","802","0"
"453","2","6","8","803","0"
"454","2","6","8","804","0"
"455","2","6","8","805","0"
"456","2","6","8","806","0"
"457","2","6","8","807","0"
"458","2","6","8","808","0"
"459","2","6","8","809","0"
"460","2","6","8","810","0"
"461","2","2","8","811","0"
"462","2","2","8","812","0"
"463","2","2","8","813","0"
"464","2","2","8","814","0"
"465","2","2","8","815","0"
"466","2","2","8","816","0"
"467","2","2","8","817","0"
"468","2","2","8","818","0"
"469","2","2","8","819","0"
"470","2","2","8","820","0"
"471","2","3","8","821","0"
"472","2","3","8","822","0"
"473","2","3","8","823","0"
"474","2","3","8","824","0"
"475","2","3","8","825","0"
"476","2","3","8","826","0"
"477","2","3","8","827","0"
"478","2","3","8","828","0"
"479","2","3","8","829","0"
"480","2","3","8","830","0"
"481","3","4","1","101","0"
"482","3","4","1","102","0"
"483","3","4","1","103","0"
"484","3","4","1","104","0"
"485","3","4","1","105","0"
"486","3","4","1","106","0"
"487","3","4","1","107","0"
"488","3","4","1","108","0"
"489","3","5","1","109","0"
"490","3","5","1","110","0"
"491","3","5","1","111","0"
"492","3","5","1","112","0"
"493","3","5","1","113","0"
"494","3","5","1","114","0"
"495","3","5","1","115","0"
"496","3","5","1","116","0"
"497","3","1","1","117","0"
"498","3","1","1","118","0"
"499","3","1","1","119","0"
"500","3","1","1","120","0"
"501","3","1","1","121","0"
"502","3","1","1","122","0"
"503","3","1","1","123","0"
"504","3","2","1","124","0"
"505","3","2","1","125","0"
"506","3","2","1","126","0"
"507","3","2","1","127","0"
"508","3","2","1","128","0"
"509","3","2","1","129","0"
"510","3","2","1","130","0"
"511","3","4","2","201","0"
"512","3","4","2","202","0"
"513","3","4","2","203","0"
"514","3","4","2","204","0"
"515","3","4","2","205","0"
"516","3","4","2","206","0"
"517","3","4","2","207","0"
"518","3","4","2","208","0"
"519","3","5","2","209","0"
"520","3","5","2","210","0"
"521","3","5","2","211","0"
"522","3","5","2","212","0"
"523","3","5","2","213","0"
"524","3","5","2","214","0"
"525","3","5","2","215","0"
"526","3","5","2","216","0"
"527","3","1","2","217","0"
"528","3","1","2","218","0"
"529","3","1","2","219","0"
"530","3","1","2","220","0"
"531","3","1","2","221","0"
"532","3","1","2","222","0"
"533","3","1","2","223","0"
"534","3","2","2","224","0"
"535","3","2","2","225","0"
"536","3","2","2","226","0"
"537","3","2","2","227","0"
"538","3","2","2","228","0"
"539","3","2","2","229","0"
"540","3","2","2","230","0"
"541","3","4","3","301","0"
"542","3","4","3","302","0"
"543","3","4","3","303","0"
"544","3","4","3","304","0"
"545","3","4","3","305","0"
"546","3","4","3","306","0"
"547","3","4","3","307","0"
"548","3","4","3","308","0"
"549","3","5","3","309","0"
"550","3","5","3","310","0"
"551","3","5","3","311","0"
"552","3","5","3","312","0"
"553","3","5","3","313","0"
"554","3","5","3","314","0"
"555","3","5","3","315","0"
"556","3","5","3","316","0"
"557","3","1","3","317","0"
"558","3","1","3","318","0"
"559","3","1","3","319","0"
"560","3","1","3","320","0"
"561","3","1","3","321","0"
"562","3","1","3","322","0"
"563","3","1","3","323","0"
"564","3","2","3","324","0"
"565","3","2","3","325","0"
"566","3","2","3","326","0"
"567","3","2","3","327","0"
"568","3","2","3","328","0"
"569","3","2","3","329","0"
"570","3","2","3","330","0"
"571","3","4","4","401","0"
"572","3","4","4","402","0"
"573","3","4","4","403","0"
"574","3","4","4","404","0"
"575","3","4","4","405","0"
"576","3","4","4","406","0"
"577","3","4","4","407","0"
"578","3","4","4","408","0"
"579","3","5","4","409","0"
"580","3","5","4","410","0"
"581","3","5","4","411","0"
"582","3","5","4","412","0"
"583","3","5","4","413","0"
"584","3","5","4","414","0"
"585","3","5","4","415","0"
"586","3","5","4","416","0"
"587","3","1","4","417","0"
"588","3","1","4","418","0"
"589","3","1","4","419","0"
"590","3","1","4","420","0"
"591","3","1","4","421","0"
"592","3","1","4","422","0"
"593","3","1","4","423","0"
"594","3","2","4","424","0"
"595","3","2","4","425","0"
"596","3","2","4","426","0"
"597","3","2","4","427","0"
"598","3","2","4","428","0"
"599","3","2","4","429","0"
"600","3","2","4","430","0"
"601","3","4","5","501","0"
"602","3","4","5","502","0"
"603","3","4","5","503","0"
"604","3","4","5","504","0"
"605","3","4","5","505","0"
"606","3","4","5","506","0"
"607","3","4","5","507","0"
"608","3","4","5","508","0"
"609","3","5","5","509","0"
"610","3","5","5","510","0"
"611","3","5","5","511","0"
"612","3","5","5","512","0"
"613","3","5","5","513","0"
"614","3","5","5","514","0"
"615","3","5","5","515","0"
"616","3","5","5","516","0"
"617","3","1","5","517","0"
"618","3","1","5","518","0"
"619","3","1","5","519","0"
"620","3","1","5","520","0"
"621","3","1","5","521","0"
"622","3","1","5","522","0"
"623","3","1","5","523","0"
"624","3","2","5","524","0"
"625","3","2","5","525","0"
"626","3","2","5","526","0"
"627","3","2","5","527","0"
"628","3","2","5","528","0"
"629","3","2","5","529","0"
"630","3","2","5","530","0"
"631","3","4","6","601","0"
"632","3","4","6","602","0"
"633","3","4","6","603","0"
"634","3","4","6","604","0"
"635","3","4","6","605","0"
"636","3","4","6","606","0"
"637","3","4","6","607","0"
"638","3","4","6","608","0"
"639","3","5","6","609","0"
"640","3","5","6","610","0"
"641","3","5","6","611","0"
"642","3","5","6","612","0"
"643","3","5","6","613","0"
"644","3","5","6","614","0"
"645","3","5","6","615","0"
"646","3","5","6","616","0"
"647","3","1","6","617","0"
"648","3","1","6","618","0"
"649","3","1","6","619","0"
"650","3","1","6","620","0"
"651","3","1","6","621","0"
"652","3","1","6","622","0"
"653","3","1","6","623","0"
"654","3","2","6","624","0"
"655","3","2","6","625","0"
"656","3","2","6","626","0"
"657","3","2","6","627","0"
"658","3","2","6","628","0"
"659","3","2","6","629","0"
"660","3","2","6","630","0"
"661","3","4","7","701","0"
"662","3","4","7","702","0"
"663","3","4","7","703","0"
"664","3","4","7","704","0"
"665","3","4","7","705","0"
"666","3","4","7","706","0"
"667","3","4","7","707","0"
"668","3","4","7","708","0"
"669","3","5","7","709","0"
"670","3","5","7","710","0"
"671","3","5","7","711","0"
"672","3","5","7","712","0"
"673","3","5","7","713","0"
"674","3","5","7","714","0"
"675","3","5","7","715","0"
"676","3","5","7","716","0"
"677","3","1","7","717","0"
"678","3","1","7","718","0"
"679","3","1","7","719","0"
"680","3","1","7","720","0"
"681","3","1","7","721","0"
"682","3","1","7","722","0"
"683","3","1","7","723","0"
"684","3","2","7","724","0"
"685","3","2","7","725","0"
"686","3","2","7","726","0"
"687","3","2","7","727","0"
"688","3","2","7","728","0"
"689","3","2","7","729","0"
"690","3","2","7","730","0"
"691","3","4","8","801","0"
"692","3","4","8","802","0"
"693","3","4","8","803","0"
"694","3","4","8","804","0"
"695","3","4","8","805","0"
"696","3","4","8","806","0"
"697","3","4","8","807","0"
"698","3","4","8","808","0"
"699","3","5","8","809","0"
"700","3","5","8","810","0"
"701","3","5","8","811","0"
"702","3","5","8","812","0"
"703","3","5","8","813","0"
"704","3","5","8","814","0"
"705","3","5","8","815","0"
"706","3","5","8","816","0"
"707","3","1","8","817","0"
"708","3","1","8","818","0"
"709","3","1","8","819","0"
"710","3","1","8","820","0"
"711","3","1","8","821","0"
"712","3","1","8","822","0"
"713","3","1","8","823","0"
"714","3","2","8","824","0"
"715","3","2","8","825","0"
"716","3","2","8","826","0"
"717","3","2","8","827","0"
"718","3","2","8","828","0"
"719","3","2","8","829","0"
"720","3","2","8","830","0"
"721","4","5","1","101","0"
"722","4","5","1","102","0"
"723","4","5","1","103","0"
"724","4","5","1","104","0"
"725","4","5","1","105","0"
"726","4","5","1","106","0"
"727","4","5","1","107","0"
"728","4","5","1","108","0"
"729","4","5","1","109","0"
"730","4","5","1","110","0"
"731","4","5","1","111","0"
"732","4","5","1","112","0"
"733","4","5","1","113","0"
"734","4","5","1","114","0"
"735","4","5","1","115","0"
"736","4","2","1","116","0"
"737","4","2","1","117","0"
"738","4","2","1","118","0"
"739","4","2","1","119","0"
"740","4","2","1","120","0"
"741","4","2","1","121","0"
"742","4","2","1","122","0"
"743","4","2","1","123","0"
"744","4","2","1","124","0"
"745","4","2","1","125","0"
"746","4","2","1","126","0"
"747","4","2","1","127","0"
"748","4","2","1","128","0"
"749","4","2","1","129","0"
"750","4","2","1","130","0"
"751","4","5","2","201","0"
"752","4","5","2","202","0"
"753","4","5","2","203","0"
"754","4","5","2","204","0"
"755","4","5","2","205","0"
"756","4","5","2","206","0"
"757","4","5","2","207","0"
"758","4","5","2","208","0"
"759","4","5","2","209","0"
"760","4","5","2","210","0"
"761","4","5","2","211","0"
"762","4","5","2","212","0"
"763","4","5","2","213","0"
"764","4","5","2","214","0"
"765","4","5","2","215","0"
"766","4","2","2","216","0"
"767","4","2","2","217","0"
"768","4","2","2","218","0"
"769","4","2","2","219","0"
"770","4","2","2","220","0"
"771","4","2","2","221","0"
"772","4","2","2","222","0"
"773","4","2","2","223","0"
"774","4","2","2","224","0"
"775","4","2","2","225","0"
"776","4","2","2","226","0"
"777","4","2","2","227","0"
"778","4","2","2","228","0"
"779","4","2","2","229","0"
"780","4","2","2","230","0"
"781","4","5","3","301","0"
"782","4","5","3","302","0"
"783","4","5","3","303","0"
"784","4","5","3","304","0"
"785","4","5","3","305","0"
"786","4","5","3","306","0"
"787","4","5","3","307","0"
"788","4","5","3","308","0"
"789","4","5","3","309","0"
"790","4","5","3","310","0"
"791","4","5","3","311","0"
"792","4","5","3","312","0"
"793","4","5","3","313","0"
"794","4","5","3","314","0"
"795","4","5","3","315","0"
"796","4","2","3","316","0"
"797","4","2","3","317","0"
"798","4","2","3","318","0"
"799","4","2","3","319","0"
"800","4","2","3","320","0"
"801","4","2","3","321","0"
"802","4","2","3","322","0"
"803","4","2","3","323","0"
"804","4","2","3","324","0"
"805","4","2","3","325","0"
"806","4","2","3","326","0"
"807","4","2","3","327","0"
"808","4","2","3","328","0"
"809","4","2","3","329","0"
"810","4","2","3","330","0"
"811","4","5","4","401","0"
"812","4","5","4","402","0"
"813","4","5","4","403","0"
"814","4","5","4","404","0"
"815","4","5","4","405","0"
"816","4","5","4","406","0"
"817","4","5","4","407","0"
"818","4","5","4","408","0"
"819","4","5","4","409","0"
"820","4","5","4","410","0"
"821","4","5","4","411","0"
"822","4","5","4","412","0"
"823","4","5","4","413","0"
"824","4","5","4","414","0"
"825","4","5","4","415","0"
"826","4","2","4","416","0"
"827","4","2","4","417","0"
"828","4","2","4","418","0"
"829","4","2","4","419","0"
"830","4","2","4","420","0"
"831","4","2","4","421","0"
"832","4","2","4","422","0"
"833","4","2","4","423","0"
"834","4","2","4","424","0"
"835","4","2","4","425","0"
"836","4","2","4","426","0"
"837","4","2","4","427","0"
"838","4","2","4","428","0"
"839","4","2","4","429","0"
"840","4","2","4","430","0"
"841","4","5","5","501","0"
"842","4","5","5","502","0"
"843","4","5","5","503","0"
"844","4","5","5","504","0"
"845","4","5","5","505","0"
"846","4","5","5","506","0"
"847","4","5","5","507","0"
"848","4","5","5","508","0"
"849","4","5","5","509","0"
"850","4","5","5","510","0"
"851","4","5","5","511","0"
"852","4","5","5","512","0"
"853","4","5","5","513","0"
"854","4","5","5","514","0"
"855","4","5","5","515","0"
"856","4","2","5","516","0"
"857","4","2","5","517","0"
"858","4","2","5","518","0"
"859","4","2","5","519","0"
"860","4","2","5","520","0"
"861","4","2","5","521","0"
"862","4","2","5","522","0"
"863","4","2","5","523","0"
"864","4","2","5","524","0"
"865","4","2","5","525","0"
"866","4","2","5","526","0"
"867","4","2","5","527","0"
"868","4","2","5","528","0"
"869","4","2","5","529","0"
"870","4","2","5","530","0"
"871","4","5","6","601","0"
"872","4","5","6","602","0"
"873","4","5","6","603","0"
"874","4","5","6","604","0"
"875","4","5","6","605","0"
"876","4","5","6","606","0"
"877","4","5","6","607","0"
"878","4","5","6","608","0"
"879","4","5","6","609","0"
"880","4","5","6","610","0"
"881","4","5","6","611","0"
"882","4","5","6","612","0"
"883","4","5","6","613","0"
"884","4","5","6","614","0"
"885","4","5","6","615","0"
"886","4","2","6","616","0"
"887","4","2","6","617","0"
"888","4","2","6","618","0"
"889","4","2","6","619","0"
"890","4","2","6","620","0"
"891","4","2","6","621","0"
"892","4","2","6","622","0"
"893","4","2","6","623","0"
"894","4","2","6","624","0"
"895","4","2","6","625","0"
"896","4","2","6","626","0"
"897","4","2","6","627","0"
"898","4","2","6","628","0"
"899","4","2","6","629","0"
"900","4","2","6","630","0"
"901","4","5","7","701","0"
"902","4","5","7","702","0"
"903","4","5","7","703","0"
"904","4","5","7","704","0"
"905","4","5","7","705","0"
"906","4","5","7","706","0"
"907","4","5","7","707","0"
"908","4","5","7","708","0"
"909","4","5","7","709","0"
"910","4","5","7","710","0"
"911","4","5","7","711","0"
"912","4","5","7","712","0"
"913","4","5","7","713","0"
"914","4","5","7","714","0"
"915","4","5","7","715","0"
"916","4","2","7","716","0"
"917","4","2","7","717","0"
"918","4","2","7","718","0"
"919","4","2","7","719","0"
"920","4","2","7","720","0"
"921","4","2","7","721","0"
"922","4","2","7","722","0"
"923","4","2","7","723","0"
"924","4","2","7","724","0"
"925","4","2","7","725","0"
"926","4","2","7","726","0"
"927","4","2","7","727","0"
"928","4","2","7","728","0"
"929","4","2","7","729","0"
"930","4","2","7","730","0"
"931","4","5","8","801","0"
"932","4","5","8","802","0"
"933","4","5","8","803","0"
"934","4","5","8","804","0"
"935","4","5","8","805","0"
"936","4","5","8","806","0"
"937","4","5","8","807","0"
"938","4","5","8","808","0"
"939","4","5","8","809","0"
"940","4","5","8","810","0"
"941","4","5","8","811","0"
"942","4","5","8","812","0"
"943","4","5","8","813","0"
"944","4","5","8","814","0"
"945","4","5","8","815","0"
"946","4","2","8","816","0"
"947","4","2","8","817","0"
"948","4","2","8","818","0"
"949","4","2","8","819","0"
"950","4","2","8","820","0"
"951","4","2","8","821","0"
"952","4","2","8","822","0"
"953","4","2","8","823","0"
"954","4","2","8","824","0"
"955","4","2","8","825","0"
"956","4","2","8","826","0"
"957","4","2","8","827","0"
"958","4","2","8","828","0"
"959","4","2","8","829","0"
"960","4","2","8","830","0"
"961","5","5","1","101","0"
"962","5","5","1","102","0"
"963","5","5","1","103","0"
"964","5","5","1","104","0"
"965","5","5","1","105","0"
"966","5","5","1","106","0"
"967","5","5","1","107","0"
"968","5","5","1","108","0"
"969","5","5","1","109","0"
"970","5","5","1","110","0"
"971","5","5","1","111","0"
"972","5","5","1","112","0"
"973","5","5","1","113","0"
"974","5","5","1","114","0"
"975","5","5","1","115","0"
"976","5","2","1","116","0"
"977","5","2","1","117","0"
"978","5","2","1","118","0"
"979","5","2","1","119","0"
"980","5","2","1","120","0"
"981","5","2","1","121","0"
"982","5","2","1","122","0"
"983","5","2","1","123","0"
"984","5","2","1","124","0"
"985","5","2","1","125","0"
"986","5","2","1","126","0"
"987","5","2","1","127","0"
"988","5","2","1","128","0"
"989","5","2","1","129","0"
"990","5","2","1","130","0"
"991","5","5","2","201","0"
"992","5","5","2","202","0"
"993","5","5","2","203","0"
"994","5","5","2","204","0"
"995","5","5","2","205","0"
"996","5","5","2","206","0"
"997","5","5","2","207","0"
"998","5","5","2","208","0"
"999","5","5","2","209","0"
"1000","5","5","2","210","0"
"1001","5","5","2","211","0"
"1002","5","5","2","212","0"
"1003","5","5","2","213","0"
"1004","5","5","2","214","0"
"1005","5","5","2","215","0"
"1006","5","2","2","216","0"
"1007","5","2","2","217","0"
"1008","5","2","2","218","0"
"1009","5","2","2","219","0"
"1010","5","2","2","220","0"
"1011","5","2","2","221","0"
"1012","5","2","2","222","0"
"1013","5","2","2","223","0"
"1014","5","2","2","224","0"
"1015","5","2","2","225","0"
"1016","5","2","2","226","0"
"1017","5","2","2","227","0"
"1018","5","2","2","228","0"
"1019","5","2","2","229","0"
"1020","5","2","2","230","0"
"1021","5","5","3","301","0"
"1022","5","5","3","302","0"
"1023","5","5","3","303","0"
"1024","5","5","3","304","0"
"1025","5","5","3","305","0"
"1026","5","5","3","306","0"
"1027","5","5","3","307","0"
"1028","5","5","3","308","0"
"1029","5","5","3","309","0"
"1030","5","5","3","310","0"
"1031","5","5","3","311","0"
"1032","5","5","3","312","0"
"1033","5","5","3","313","0"
"1034","5","5","3","314","0"
"1035","5","5","3","315","0"
"1036","5","2","3","316","0"
"1037","5","2","3","317","0"
"1038","5","2","3","318","0"
"1039","5","2","3","319","0"
"1040","5","2","3","320","0"
"1041","5","2","3","321","0"
"1042","5","2","3","322","0"
"1043","5","2","3","323","0"
"1044","5","2","3","324","0"
"1045","5","2","3","325","0"
"1046","5","2","3","326","0"
"1047","5","2","3","327","0"
"1048","5","2","3","328","0"
"1049","5","2","3","329","0"
"1050","5","2","3","330","0"
"1051","5","5","4","401","0"
"1052","5","5","4","402","0"
"1053","5","5","4","403","0"
"1054","5","5","4","404","0"
"1055","5","5","4","405","0"
"1056","5","5","4","406","0"
"1057","5","5","4","407","0"
"1058","5","5","4","408","0"
"1059","5","5","4","409","0"
"1060","5","5","4","410","0"
"1061","5","5","4","411","0"
"1062","5","5","4","412","0"
"1063","5","5","4","413","0"
"1064","5","5","4","414","0"
"1065","5","5","4","415","0"
"1066","5","2","4","416","0"
"1067","5","2","4","417","0"
"1068","5","2","4","418","0"
"1069","5","2","4","419","0"
"1070","5","2","4","420","0"
"1071","5","2","4","421","0"
"1072","5","2","4","422","0"
"1073","5","2","4","423","0"
"1074","5","2","4","424","0"
"1075","5","2","4","425","0"
"1076","5","2","4","426","0"
"1077","5","2","4","427","0"
"1078","5","2","4","428","0"
"1079","5","2","4","429","0"
"1080","5","2","4","430","0"
"1081","5","5","5","501","0"
"1082","5","5","5","502","0"
"1083","5","5","5","503","0"
"1084","5","5","5","504","0"
"1085","5","5","5","505","0"
"1086","5","5","5","506","0"
"1087","5","5","5","507","0"
"1088","5","5","5","508","0"
"1089","5","5","5","509","0"
"1090","5","5","5","510","0"
"1091","5","5","5","511","0"
"1092","5","5","5","512","0"
"1093","5","5","5","513","0"
"1094","5","5","5","514","0"
"1095","5","5","5","515","0"
"1096","5","2","5","516","0"
"1097","5","2","5","517","0"
"1098","5","2","5","518","0"
"1099","5","2","5","519","0"
"1100","5","2","5","520","0"
"1101","5","2","5","521","0"
"1102","5","2","5","522","0"
"1103","5","2","5","523","0"
"1104","5","2","5","524","0"
"1105","5","2","5","525","0"
"1106","5","2","5","526","0"
"1107","5","2","5","527","0"
"1108","5","2","5","528","0"
"1109","5","2","5","529","0"
"1110","5","2","5","530","0"
"1111","5","5","6","601","0"
"1112","5","5","6","602","0"
"1113","5","5","6","603","0"
"1114","5","5","6","604","0"
"1115","5","5","6","605","0"
"1116","5","5","6","606","0"
"1117","5","5","6","607","0"
"1118","5","5","6","608","0"
"1119","5","5","6","609","0"
"1120","5","5","6","610","0"
"1121","5","5","6","611","0"
"1122","5","5","6","612","0"
"1123","5","5","6","613","0"
"1124","5","5","6","614","0"
"1125","5","5","6","615","0"
"1126","5","2","6","616","0"
"1127","5","2","6","617","0"
"1128","5","2","6","618","0"
"1129","5","2","6","619","0"
"1130","5","2","6","620","0"
"1131","5","2","6","621","0"
"1132","5","2","6","622","0"
"1133","5","2","6","623","0"
"1134","5","2","6","624","0"
"1135","5","2","6","625","0"
"1136","5","2","6","626","0"
"1137","5","2","6","627","0"
"1138","5","2","6","628","0"
"1139","5","2","6","629","0"
"1140","5","2","6","630","0"
"1141","5","5","7","701","0"
"1142","5","5","7","702","0"
"1143","5","5","7","703","0"
"1144","5","5","7","704","0"
"1145","5","5","7","705","0"
"1146","5","5","7","706","0"
"1147","5","5","7","707","0"
"1148","5","5","7","708","0"
"1149","5","5","7","709","0"
"1150","5","5","7","710","0"
"1151","5","5","7","711","0"
"1152","5","5","7","712","0"
"1153","5","5","7","713","0"
"1154","5","5","7","714","0"
"1155","5","5","7","715","0"
"1156","5","2","7","716","0"
"1157","5","2","7","717","0"
"1158","5","2","7","718","0"
"1159","5","2","7","719","0"
"1160","5","2","7","720","0"
"1161","5","2","7","721","0"
"1162","5","2","7","722","0"
"1163","5","2","7","723","0"
"1164","5","2","7","724","0"
"1165","5","2","7","725","0"
"1166","5","2","7","726","0"
"1167","5","2","7","727","0"
"1168","5","2","7","728","0"
"1169","5","2","7","729","0"
"1170","5","2","7","730","0"
"1171","5","5","8","801","0"
"1172","5","5","8","802","0"
"1173","5","5","8","803","0"
"1174","5","5","8","804","0"
"1175","5","5","8","805","0"
"1176","5","5","8","806","0"
"1177","5","5","8","807","0"
"1178","5","5","8","808","0"
"1179","5","5","8","809","0"
"1180","5","5","8","810","0"
"1181","5","5","8","811","0"
"1182","5","5","8","812","0"
"1183","5","5","8","813","0"
"1184","5","5","8","814","0"
"1185","5","5","8","815","0"
"1186","5","2","8","816","0"
"1187","5","2","8","817","0"
"1188","5","2","8","818","0"
"1189","5","2","8","819","0"
"1190","5","2","8","820","0"
"1191","5","2","8","821","0"
"1192","5","2","8","822","0"
"1193","5","2","8","823","0"
"1194","5","2","8","824","0"
"1195","5","2","8","825","0"
"1196","5","2","8","826","0"
"1197","5","2","8","827","0"
"1198","5","2","8","828","0"
"1199","5","2","8","829","0"
"1200","5","2","8","830","0"
"1201","6","1","1","101","0"
"1202","6","1","1","102","0"
"1203","6","1","1","103","0"
"1204","6","1","1","104","0"
"1205","6","1","1","105","0"
"1206","6","1","1","106","0"
"1207","6","1","1","107","0"
"1208","6","1","1","108","0"
"1209","6","1","1","109","0"
"1210","6","1","1","110","0"
"1211","6","1","1","111","0"
"1212","6","1","1","112","0"
"1213","6","1","1","113","0"
"1214","6","1","1","114","0"
"1215","6","1","1","115","0"
"1216","6","2","1","116","0"
"1217","6","2","1","117","0"
"1218","6","2","1","118","0"
"1219","6","2","1","119","0"
"1220","6","2","1","120","0"
"1221","6","2","1","121","0"
"1222","6","2","1","122","0"
"1223","6","2","1","123","0"
"1224","6","2","1","124","0"
"1225","6","2","1","125","0"
"1226","6","2","1","126","0"
"1227","6","2","1","127","0"
"1228","6","2","1","128","0"
"1229","6","2","1","129","0"
"1230","6","2","1","130","0"
"1231","6","1","2","201","0"
"1232","6","1","2","202","0"
"1233","6","1","2","203","0"
"1234","6","1","2","204","0"
"1235","6","1","2","205","0"
"1236","6","1","2","206","0"
"1237","6","1","2","207","0"
"1238","6","1","2","208","0"
"1239","6","1","2","209","0"
"1240","6","1","2","210","0"
"1241","6","1","2","211","0"
"1242","6","1","2","212","0"
"1243","6","1","2","213","0"
"1244","6","1","2","214","0"
"1245","6","1","2","215","0"
"1246","6","2","2","216","0"
"1247","6","2","2","217","0"
"1248","6","2","2","218","0"
"1249","6","2","2","219","0"
"1250","6","2","2","220","0"
"1251","6","2","2","221","0"
"1252","6","2","2","222","0"
"1253","6","2","2","223","0"
"1254","6","2","2","224","0"
"1255","6","2","2","225","0"
"1256","6","2","2","226","0"
"1257","6","2","2","227","0"
"1258","6","2","2","228","0"
"1259","6","2","2","229","0"
"1260","6","2","2","230","0"
"1261","6","1","3","301","0"
"1262","6","1","3","302","0"
"1263","6","1","3","303","0"
"1264","6","1","3","304","0"
"1265","6","1","3","305","0"
"1266","6","1","3","306","0"
"1267","6","1","3","307","0"
"1268","6","1","3","308","0"
"1269","6","1","3","309","0"
"1270","6","1","3","310","0"
"1271","6","1","3","311","0"
"1272","6","1","3","312","0"
"1273","6","1","3","313","0"
"1274","6","1","3","314","0"
"1275","6","1","3","315","0"
"1276","6","2","3","316","0"
"1277","6","2","3","317","0"
"1278","6","2","3","318","0"
"1279","6","2","3","319","0"
"1280","6","2","3","320","0"
"1281","6","2","3","321","0"
"1282","6","2","3","322","0"
"1283","6","2","3","323","0"
"1284","6","2","3","324","0"
"1285","6","2","3","325","0"
"1286","6","2","3","326","0"
"1287","6","2","3","327","0"
"1288","6","2","3","328","0"
"1289","6","2","3","329","0"
"1290","6","2","3","330","0"
"1291","6","1","4","401","0"
"1292","6","1","4","402","0"
"1293","6","1","4","403","0"
"1294","6","1","4","404","0"
"1295","6","1","4","405","0"
"1296","6","1","4","406","0"
"1297","6","1","4","407","0"
"1298","6","1","4","408","0"
"1299","6","1","4","409","0"
"1300","6","1","4","410","0"
"1301","6","1","4","411","0"
"1302","6","1","4","412","0"
"1303","6","1","4","413","0"
"1304","6","1","4","414","0"
"1305","6","1","4","415","0"
"1306","6","2","4","416","0"
"1307","6","2","4","417","0"
"1308","6","2","4","418","0"
"1309","6","2","4","419","0"
"1310","6","2","4","420","0"
"1311","6","2","4","421","0"
"1312","6","2","4","422","0"
"1313","6","2","4","423","0"
"1314","6","2","4","424","0"
"1315","6","2","4","425","0"
"1316","6","2","4","426","0"
"1317","6","2","4","427","0"
"1318","6","2","4","428","0"
"1319","6","2","4","429","0"
"1320","6","2","4","430","0"
"1321","6","1","5","501","0"
"1322","6","1","5","502","0"
"1323","6","1","5","503","0"
"1324","6","1","5","504","0"
"1325","6","1","5","505","0"
"1326","6","1","5","506","0"
"1327","6","1","5","507","0"
"1328","6","1","5","508","0"
"1329","6","1","5","509","0"
"1330","6","1","5","510","0"
"1331","6","1","5","511","0"
"1332","6","1","5","512","0"
"1333","6","1","5","513","0"
"1334","6","1","5","514","0"
"1335","6","1","5","515","0"
"1336","6","2","5","516","0"
"1337","6","2","5","517","0"
"1338","6","2","5","518","0"
"1339","6","2","5","519","0"
"1340","6","2","5","520","0"
"1341","6","2","5","521","0"
"1342","6","2","5","522","0"
"1343","6","2","5","523","0"
"1344","6","2","5","524","0"
"1345","6","2","5","525","0"
"1346","6","2","5","526","0"
"1347","6","2","5","527","0"
"1348","6","2","5","528","0"
"1349","6","2","5","529","0"
"1350","6","2","5","530","0"
"1351","6","1","6","601","0"
"1352","6","1","6","602","0"
"1353","6","1","6","603","0"
"1354","6","1","6","604","0"
"1355","6","1","6","605","0"
"1356","6","1","6","606","0"
"1357","6","1","6","607","0"
"1358","6","1","6","608","0"
"1359","6","1","6","609","0"
"1360","6","1","6","610","0"
"1361","6","1","6","611","0"
"1362","6","1","6","612","0"
"1363","6","1","6","613","0"
"1364","6","1","6","614","0"
"1365","6","1","6","615","0"
"1366","6","2","6","616","0"
"1367","6","2","6","617","0"
"1368","6","2","6","618","0"
"1369","6","2","6","619","0"
"1370","6","2","6","620","0"
"1371","6","2","6","621","0"
"1372","6","2","6","622","0"
"1373","6","2","6","623","0"
"1374","6","2","6","624","0"
"1375","6","2","6","625","0"
"1376","6","2","6","626","0"
"1377","6","2","6","627","0"
"1378","6","2","6","628","0"
"1379","6","2","6","629","0"
"1380","6","2","6","630","0"
"1381","6","1","7","701","0"
"1382","6","1","7","702","0"
"1383","6","1","7","703","0"
"1384","6","1","7","704","0"
"1385","6","1","7","705","0"
"1386","6","1","7","706","0"
"1387","6","1","7","707","0"
"1388","6","1","7","708","0"
"1389","6","1","7","709","0"
"1390","6","1","7","710","0"
"1391","6","1","7","711","0"
"1392","6","1","7","712","0"
"1393","6","1","7","713","0"
"1394","6","1","7","714","0"
"1395","6","1","7","715","0"
"1396","6","2","7","716","0"
"1397","6","2","7","717","0"
"1398","6","2","7","718","0"
"1399","6","2","7","719","0"
"1400","6","2","7","720","0"
"1401","6","2","7","721","0"
"1402","6","2","7","722","0"
"1403","6","2","7","723","0"
"1404","6","2","7","724","0"
"1405","6","2","7","725","0"
"1406","6","2","7","726","0"
"1407","6","2","7","727","0"
"1408","6","2","7","728","0"
"1409","6","2","7","729","0"
"1410","6","2","7","730","0"
"1411","6","1","8","801","0"
"1412","6","1","8","802","0"
"1413","6","1","8","803","0"
"1414","6","1","8","804","0"
"1415","6","1","8","805","0"
"1416","6","1","8","806","0"
"1417","6","1","8","807","0"
"1418","6","1","8","808","0"
"1419","6","1","8","809","0"
"1420","6","1","8","810","0"
"1421","6","1","8","811","0"
"1422","6","1","8","812","0"
"1423","6","1","8","813","0"
"1424","6","1","8","814","0"
"1425","6","1","8","815","0"
"1426","6","2","8","816","0"
"1427","6","2","8","817","0"
"1428","6","2","8","818","0"
"1429","6","2","8","819","0"
"1430","6","2","8","820","0"
"1431","6","2","8","821","0"
"1432","6","2","8","822","0"
"1433","6","2","8","823","0"
"1434","6","2","8","824","0"
"1435","6","2","8","825","0"
"1436","6","2","8","826","0"
"1437","6","2","8","827","0"
"1438","6","2","8","828","0"
"1439","6","2","8","829","0"
"1440","6","2","8","830","0"
"1441","7","1","1","101","0"
"1442","7","1","1","102","0"
"1443","7","1","1","103","0"
"1444","7","1","1","104","0"
"1445","7","1","1","105","0"
"1446","7","1","1","106","0"
"1447","7","1","1","107","0"
"1448","7","1","1","108","0"
"1449","7","1","1","109","0"
"1450","7","1","1","110","0"
"1451","7","1","1","111","0"
"1452","7","1","1","112","0"
"1453","7","1","1","113","0"
"1454","7","1","1","114","0"
"1455","7","1","1","115","0"
"1456","7","2","1","116","0"
"1457","7","2","1","117","0"
"1458","7","2","1","118","0"
"1459","7","2","1","119","0"
"1460","7","2","1","120","0"
"1461","7","2","1","121","0"
"1462","7","2","1","122","0"
"1463","7","2","1","123","0"
"1464","7","2","1","124","0"
"1465","7","2","1","125","0"
"1466","7","2","1","126","0"
"1467","7","2","1","127","0"
"1468","7","2","1","128","0"
"1469","7","2","1","129","0"
"1470","7","2","1","130","0"
"1471","7","1","2","201","0"
"1472","7","1","2","202","0"
"1473","7","1","2","203","0"
"1474","7","1","2","204","0"
"1475","7","1","2","205","0"
"1476","7","1","2","206","0"
"1477","7","1","2","207","0"
"1478","7","1","2","208","0"
"1479","7","1","2","209","0"
"1480","7","1","2","210","0"
"1481","7","1","2","211","0"
"1482","7","1","2","212","0"
"1483","7","1","2","213","0"
"1484","7","1","2","214","0"
"1485","7","1","2","215","0"
"1486","7","2","2","216","0"
"1487","7","2","2","217","0"
"1488","7","2","2","218","0"
"1489","7","2","2","219","0"
"1490","7","2","2","220","0"
"1491","7","2","2","221","0"
"1492","7","2","2","222","0"
"1493","7","2","2","223","0"
"1494","7","2","2","224","0"
"1495","7","2","2","225","0"
"1496","7","2","2","226","0"
"1497","7","2","2","227","0"
"1498","7","2","2","228","0"
"1499","7","2","2","229","0"
"1500","7","2","2","230","0"
"1501","7","1","3","301","0"
"1502","7","1","3","302","0"
"1503","7","1","3","303","0"
"1504","7","1","3","304","0"
"1505","7","1","3","305","0"
"1506","7","1","3","306","0"
"1507","7","1","3","307","0"
"1508","7","1","3","308","0"
"1509","7","1","3","309","0"
"1510","7","1","3","310","0"
"1511","7","1","3","311","0"
"1512","7","1","3","312","0"
"1513","7","1","3","313","0"
"1514","7","1","3","314","0"
"1515","7","1","3","315","0"
"1516","7","2","3","316","0"
"1517","7","2","3","317","0"
"1518","7","2","3","318","0"
"1519","7","2","3","319","0"
"1520","7","2","3","320","0"
"1521","7","2","3","321","0"
"1522","7","2","3","322","0"
"1523","7","2","3","323","0"
"1524","7","2","3","324","0"
"1525","7","2","3","325","0"
"1526","7","2","3","326","0"
"1527","7","2","3","327","0"
"1528","7","2","3","328","0"
"1529","7","2","3","329","0"
"1530","7","2","3","330","0"
"1531","7","1","4","401","0"
"1532","7","1","4","402","0"
"1533","7","1","4","403","0"
"1534","7","1","4","404","0"
"1535","7","1","4","405","0"
"1536","7","1","4","406","0"
"1537","7","1","4","407","0"
"1538","7","1","4","408","0"
"1539","7","1","4","409","0"
"1540","7","1","4","410","0"
"1541","7","1","4","411","0"
"1542","7","1","4","412","0"
"1543","7","1","4","413","0"
"1544","7","1","4","414","0"
"1545","7","1","4","415","0"
"1546","7","2","4","416","0"
"1547","7","2","4","417","0"
"1548","7","2","4","418","0"
"1549","7","2","4","419","0"
"1550","7","2","4","420","0"
"1551","7","2","4","421","0"
"1552","7","2","4","422","0"
"1553","7","2","4","423","0"
"1554","7","2","4","424","0"
"1555","7","2","4","425","0"
"1556","7","2","4","426","0"
"1557","7","2","4","427","0"
"1558","7","2","4","428","0"
"1559","7","2","4","429","0"
"1560","7","2","4","430","0"
"1561","7","1","5","501","0"
"1562","7","1","5","502","0"
"1563","7","1","5","503","0"
"1564","7","1","5","504","0"
"1565","7","1","5","505","0"
"1566","7","1","5","506","0"
"1567","7","1","5","507","0"
"1568","7","1","5","508","0"
"1569","7","1","5","509","0"
"1570","7","1","5","510","0"
"1571","7","1","5","511","0"
"1572","7","1","5","512","0"
"1573","7","1","5","513","0"
"1574","7","1","5","514","0"
"1575","7","1","5","515","0"
"1576","7","2","5","516","0"
"1577","7","2","5","517","0"
"1578","7","2","5","518","0"
"1579","7","2","5","519","0"
"1580","7","2","5","520","0"
"1581","7","2","5","521","0"
"1582","7","2","5","522","0"
"1583","7","2","5","523","0"
"1584","7","2","5","524","0"
"1585","7","2","5","525","0"
"1586","7","2","5","526","0"
"1587","7","2","5","527","0"
"1588","7","2","5","528","0"
"1589","7","2","5","529","0"
"1590","7","2","5","530","0"
"1591","7","1","6","601","0"
"1592","7","1","6","602","0"
"1593","7","1","6","603","0"
"1594","7","1","6","604","0"
"1595","7","1","6","605","0"
"1596","7","1","6","606","0"
"1597","7","1","6","607","0"
"1598","7","1","6","608","0"
"1599","7","1","6","609","0"
"1600","7","1","6","610","0"
"1601","7","1","6","611","0"
"1602","7","1","6","612","0"
"1603","7","1","6","613","0"
"1604","7","1","6","614","0"
"1605","7","1","6","615","0"
"1606","7","2","6","616","0"
"1607","7","2","6","617","0"
"1608","7","2","6","618","0"
"1609","7","2","6","619","0"
"1610","7","2","6","620","0"
"1611","7","2","6","621","0"
"1612","7","2","6","622","0"
"1613","7","2","6","623","0"
"1614","7","2","6","624","0"
"1615","7","2","6","625","0"
"1616","7","2","6","626","0"
"1617","7","2","6","627","0"
"1618","7","2","6","628","0"
"1619","7","2","6","629","0"
"1620","7","2","6","630","0"
"1621","7","1","7","701","0"
"1622","7","1","7","702","0"
"1623","7","1","7","703","0"
"1624","7","1","7","704","0"
"1625","7","1","7","705","0"
"1626","7","1","7","706","0"
"1627","7","1","7","707","0"
"1628","7","1","7","708","0"
"1629","7","1","7","709","0"
"1630","7","1","7","710","0"
"1631","7","1","7","711","0"
"1632","7","1","7","712","0"
"1633","7","1","7","713","0"
"1634","7","1","7","714","0"
"1635","7","1","7","715","0"
"1636","7","2","7","716","0"
"1637","7","2","7","717","0"
"1638","7","2","7","718","0"
"1639","7","2","7","719","0"
"1640","7","2","7","720","0"
"1641","7","2","7","721","0"
"1642","7","2","7","722","0"
"1643","7","2","7","723","0"
"1644","7","2","7","724","0"
"1645","7","2","7","725","0"
"1646","7","2","7","726","0"
"1647","7","2","7","727","0"
"1648","7","2","7","728","0"
"1649","7","2","7","729","0"
"1650","7","2","7","730","0"
"1651","7","1","8","801","0"
"1652","7","1","8","802","0"
"1653","7","1","8","803","0"
"1654","7","1","8","804","0"
"1655","7","1","8","805","0"
"1656","7","1","8","806","0"
"1657","7","1","8","807","0"
"1658","7","1","8","808","0"
"1659","7","1","8","809","0"
"1660","7","1","8","810","0"
"1661","7","1","8","811","0"
"1662","7","1","8","812","0"
"1663","7","1","8","813","0"
"1664","7","1","8","814","0"
"1665","7","1","8","815","0"
"1666","7","2","8","816","0"
"1667","7","2","8","817","0"
"1668","7","2","8","818","0"
"1669","7","2","8","819","0"
"1670","7","2","8","820","0"
"1671","7","2","8","821","0"
"1672","7","2","8","822","0"
"1673","7","2","8","823","0"
"1674","7","2","8","824","0"
"1675","7","2","8","825","0"
"1676","7","2","8","826","0"
"1677","7","2","8","827","0"
"1678","7","2","8","828","0"
"1679","7","2","8","829","0"
"1680","7","2","8","830","0"
"1681","8","1","1","101","0"
"1682","8","1","1","102","0"
"1683","8","1","1","103","0"
"1684","8","1","1","104","0"
"1685","8","1","1","105","0"
"1686","8","1","1","106","0"
"1687","8","1","1","107","0"
"1688","8","1","1","108","0"
"1689","8","1","1","109","0"
"1690","8","1","1","110","0"
"1691","8","1","1","111","0"
"1692","8","1","1","112","0"
"1693","8","1","1","113","0"
"1694","8","1","1","114","0"
"1695","8","1","1","115","0"
"1696","8","2","1","116","0"
"1697","8","2","1","117","0"
"1698","8","2","1","118","0"
"1699","8","2","1","119","0"
"1700","8","2","1","120","0"
"1701","8","2","1","121","0"
"1702","8","2","1","122","0"
"1703","8","2","1","123","0"
"1704","8","2","1","124","0"
"1705","8","2","1","125","0"
"1706","8","2","1","126","0"
"1707","8","2","1","127","0"
"1708","8","2","1","128","0"
"1709","8","2","1","129","0"
"1710","8","2","1","130","0"
"1711","8","1","2","201","0"
"1712","8","1","2","202","0"
"1713","8","1","2","203","0"
"1714","8","1","2","204","0"
"1715","8","1","2","205","0"
"1716","8","1","2","206","0"
"1717","8","1","2","207","0"
"1718","8","1","2","208","0"
"1719","8","1","2","209","0"
"1720","8","1","2","210","0"
"1721","8","1","2","211","0"
"1722","8","1","2","212","0"
"1723","8","1","2","213","0"
"1724","8","1","2","214","0"
"1725","8","1","2","215","0"
"1726","8","2","2","216","0"
"1727","8","2","2","217","0"
"1728","8","2","2","218","0"
"1729","8","2","2","219","0"
"1730","8","2","2","220","0"
"1731","8","2","2","221","0"
"1732","8","2","2","222","0"
"1733","8","2","2","223","0"
"1734","8","2","2","224","0"
"1735","8","2","2","225","0"
"1736","8","2","2","226","0"
"1737","8","2","2","227","0"
"1738","8","2","2","228","0"
"1739","8","2","2","229","0"
"1740","8","2","2","230","0"
"1741","8","1","3","301","0"
"1742","8","1","3","302","0"
"1743","8","1","3","303","0"
"1744","8","1","3","304","0"
"1745","8","1","3","305","0"
"1746","8","1","3","306","0"
"1747","8","1","3","307","0"
"1748","8","1","3","308","0"
"1749","8","1","3","309","0"
"1750","8","1","3","310","0"
"1751","8","1","3","311","0"
"1752","8","1","3","312","0"
"1753","8","1","3","313","0"
"1754","8","1","3","314","0"
"1755","8","1","3","315","0"
"1756","8","2","3","316","0"
"1757","8","2","3","317","0"
"1758","8","2","3","318","0"
"1759","8","2","3","319","0"
"1760","8","2","3","320","0"
"1761","8","2","3","321","0"
"1762","8","2","3","322","0"
"1763","8","2","3","323","0"
"1764","8","2","3","324","0"
"1765","8","2","3","325","0"
"1766","8","2","3","326","0"
"1767","8","2","3","327","0"
"1768","8","2","3","328","0"
"1769","8","2","3","329","0"
"1770","8","2","3","330","0"
"1771","8","1","4","401","0"
"1772","8","1","4","402","0"
"1773","8","1","4","403","0"
"1774","8","1","4","404","0"
"1775","8","1","4","405","0"
"1776","8","1","4","406","0"
"1777","8","1","4","407","0"
"1778","8","1","4","408","0"
"1779","8","1","4","409","0"
"1780","8","1","4","410","0"
"1781","8","1","4","411","0"
"1782","8","1","4","412","0"
"1783","8","1","4","413","0"
"1784","8","1","4","414","0"
"1785","8","1","4","415","0"
"1786","8","2","4","416","0"
"1787","8","2","4","417","0"
"1788","8","2","4","418","0"
"1789","8","2","4","419","0"
"1790","8","2","4","420","0"
"1791","8","2","4","421","0"
"1792","8","2","4","422","0"
"1793","8","2","4","423","0"
"1794","8","2","4","424","0"
"1795","8","2","4","425","0"
"1796","8","2","4","426","0"
"1797","8","2","4","427","0"
"1798","8","2","4","428","0"
"1799","8","2","4","429","0"
"1800","8","2","4","430","0"
"1801","8","1","5","501","0"
"1802","8","1","5","502","0"
"1803","8","1","5","503","0"
"1804","8","1","5","504","0"
"1805","8","1","5","505","0"
"1806","8","1","5","506","0"
"1807","8","1","5","507","0"
"1808","8","1","5","508","0"
"1809","8","1","5","509","0"
"1810","8","1","5","510","0"
"1811","8","1","5","511","0"
"1812","8","1","5","512","0"
"1813","8","1","5","513","0"
"1814","8","1","5","514","0"
"1815","8","1","5","515","0"
"1816","8","2","5","516","0"
"1817","8","2","5","517","0"
"1818","8","2","5","518","0"
"1819","8","2","5","519","0"
"1820","8","2","5","520","0"
"1821","8","2","5","521","0"
"1822","8","2","5","522","0"
"1823","8","2","5","523","0"
"1824","8","2","5","524","0"
"1825","8","2","5","525","0"
"1826","8","2","5","526","0"
"1827","8","2","5","527","0"
"1828","8","2","5","528","0"
"1829","8","2","5","529","0"
"1830","8","2","5","530","0"
"1831","8","1","6","601","0"
"1832","8","1","6","602","0"
"1833","8","1","6","603","0"
"1834","8","1","6","604","0"
"1835","8","1","6","605","0"
"1836","8","1","6","606","0"
"1837","8","1","6","607","0"
"1838","8","1","6","608","0"
"1839","8","1","6","609","0"
"1840","8","1","6","610","0"
"1841","8","1","6","611","0"
"1842","8","1","6","612","0"
"1843","8","1","6","613","0"
"1844","8","1","6","614","0"
"1845","8","1","6","615","0"
"1846","8","2","6","616","0"
"1847","8","2","6","617","0"
"1848","8","2","6","618","0"
"1849","8","2","6","619","0"
"1850","8","2","6","620","0"
"1851","8","2","6","621","0"
"1852","8","2","6","622","0"
"1853","8","2","6","623","0"
"1854","8","2","6","624","0"
"1855","8","2","6","625","0"
"1856","8","2","6","626","0"
"1857","8","2","6","627","0"
"1858","8","2","6","628","0"
"1859","8","2","6","629","0"
"1860","8","2","6","630","0"
"1861","8","1","7","701","0"
"1862","8","1","7","702","0"
"1863","8","1","7","703","0"
"1864","8","1","7","704","0"
"1865","8","1","7","705","0"
"1866","8","1","7","706","0"
"1867","8","1","7","707","0"
"1868","8","1","7","708","0"
"1869","8","1","7","709","0"
"1870","8","1","7","710","0"
"1871","8","1","7","711","0"
"1872","8","1","7","712","0"
"1873","8","1","7","713","0"
"1874","8","1","7","714","0"
"1875","8","1","7","715","0"
"1876","8","2","7","716","0"
"1877","8","2","7","717","0"
"1878","8","2","7","718","0"
"1879","8","2","7","719","0"
"1880","8","2","7","720","0"
"1881","8","2","7","721","0"
"1882","8","2","7","722","0"
"1883","8","2","7","723","0"
"1884","8","2","7","724","0"
"1885","8","2","7","725","0"
"1886","8","2","7","726","0"
"1887","8","2","7","727","0"
"1888","8","2","7","728","0"
"1889","8","2","7","729","0"
"1890","8","2","7","730","0"
"1891","8","1","8","801","0"
"1892","8","1","8","802","0"
"1893","8","1","8","803","0"
"1894","8","1","8","804","0"
"1895","8","1","8","805","0"
"1896","8","1","8","806","0"
"1897","8","1","8","807","0"
"1898","8","1","8","808","0"
"1899","8","1","8","809","0"
"1900","8","1","8","810","0"
"1901","8","1","8","811","0"
"1902","8","1","8","812","0"
"1903","8","1","8","813","0"
"1904","8","1","8","814","0"
"1905","8","1","8","815","0"
"1906","8","2","8","816","0"
"1907","8","2","8","817","0"
"1908","8","2","8","818","0"
"1909","8","2","8","819","0"
"1910","8","2","8","820","0"
"1911","8","2","8","821","0"
"1912","8","2","8","822","0"
"1913","8","2","8","823","0"
"1914","8","2","8","824","0"
"1915","8","2","8","825","0"
"1916","8","2","8","826","0"
"1917","8","2","8","827","0"
"1918","8","2","8","828","0"
"1919","8","2","8","829","0"
"1920","8","2","8","830","0"
"1921","9","1","1","101","0"
"1922","9","1","1","102","0"
"1923","9","1","1","103","0"
"1924","9","1","1","104","0"
"1925","9","1","1","105","0"
"1926","9","1","1","106","0"
"1927","9","1","1","107","0"
"1928","9","1","1","108","0"
"1929","9","1","1","109","0"
"1930","9","1","1","110","0"
"1931","9","1","1","111","0"
"1932","9","1","1","112","0"
"1933","9","1","1","113","0"
"1934","9","1","1","114","0"
"1935","9","1","1","115","0"
"1936","9","2","1","116","0"
"1937","9","2","1","117","0"
"1938","9","2","1","118","0"
"1939","9","2","1","119","0"
"1940","9","2","1","120","0"
"1941","9","2","1","121","0"
"1942","9","2","1","122","0"
"1943","9","2","1","123","0"
"1944","9","2","1","124","0"
"1945","9","2","1","125","0"
"1946","9","2","1","126","0"
"1947","9","2","1","127","0"
"1948","9","2","1","128","0"
"1949","9","2","1","129","0"
"1950","9","2","1","130","0"
"1951","9","1","2","201","0"
"1952","9","1","2","202","0"
"1953","9","1","2","203","0"
"1954","9","1","2","204","0"
"1955","9","1","2","205","0"
"1956","9","1","2","206","0"
"1957","9","1","2","207","0"
"1958","9","1","2","208","0"
"1959","9","1","2","209","0"
"1960","9","1","2","210","0"
"1961","9","1","2","211","0"
"1962","9","1","2","212","0"
"1963","9","1","2","213","0"
"1964","9","1","2","214","0"
"1965","9","1","2","215","0"
"1966","9","2","2","216","0"
"1967","9","2","2","217","0"
"1968","9","2","2","218","0"
"1969","9","2","2","219","0"
"1970","9","2","2","220","0"
"1971","9","2","2","221","0"
"1972","9","2","2","222","0"
"1973","9","2","2","223","0"
"1974","9","2","2","224","0"
"1975","9","2","2","225","0"
"1976","9","2","2","226","0"
"1977","9","2","2","227","0"
"1978","9","2","2","228","0"
"1979","9","2","2","229","0"
"1980","9","2","2","230","0"
"1981","9","1","3","301","0"
"1982","9","1","3","302","0"
"1983","9","1","3","303","0"
"1984","9","1","3","304","0"
"1985","9","1","3","305","0"
"1986","9","1","3","306","0"
"1987","9","1","3","307","0"
"1988","9","1","3","308","0"
"1989","9","1","3","309","0"
"1990","9","1","3","310","0"
"1991","9","1","3","311","0"
"1992","9","1","3","312","0"
"1993","9","1","3","313","0"
"1994","9","1","3","314","0"
"1995","9","1","3","315","0"
"1996","9","2","3","316","0"
"1997","9","2","3","317","0"
"1998","9","2","3","318","0"
"1999","9","2","3","319","0"
"2000","9","2","3","320","0"
"2001","9","2","3","321","0"
"2002","9","2","3","322","0"
"2003","9","2","3","323","0"
"2004","9","2","3","324","0"
"2005","9","2","3","325","0"
"2006","9","2","3","326","0"
"2007","9","2","3","327","0"
"2008","9","2","3","328","0"
"2009","9","2","3","329","0"
"2010","9","2","3","330","0"
"2011","9","1","4","401","0"
"2012","9","1","4","402","0"
"2013","9","1","4","403","0"
"2014","9","1","4","404","0"
"2015","9","1","4","405","0"
"2016","9","1","4","406","0"
"2017","9","1","4","407","0"
"2018","9","1","4","408","0"
"2019","9","1","4","409","0"
"2020","9","1","4","410","0"
"2021","9","1","4","411","0"
"2022","9","1","4","412","0"
"2023","9","1","4","413","0"
"2024","9","1","4","414","0"
"2025","9","1","4","415","0"
"2026","9","2","4","416","0"
"2027","9","2","4","417","0"
"2028","9","2","4","418","0"
"2029","9","2","4","419","0"
"2030","9","2","4","420","0"
"2031","9","2","4","421","0"
"2032","9","2","4","422","0"
"2033","9","2","4","423","0"
"2034","9","2","4","424","0"
"2035","9","2","4","425","0"
"2036","9","2","4","426","0"
"2037","9","2","4","427","0"
"2038","9","2","4","428","0"
"2039","9","2","4","429","0"
"2040","9","2","4","430","0"
"2041","9","1","5","501","0"
"2042","9","1","5","502","0"
"2043","9","1","5","503","0"
"2044","9","1","5","504","0"
"2045","9","1","5","505","0"
"2046","9","1","5","506","0"
"2047","9","1","5","507","0"
"2048","9","1","5","508","0"
"2049","9","1","5","509","0"
"2050","9","1","5","510","0"
"2051","9","1","5","511","0"
"2052","9","1","5","512","0"
"2053","9","1","5","513","0"
"2054","9","1","5","514","0"
"2055","9","1","5","515","0"
"2056","9","2","5","516","0"
"2057","9","2","5","517","0"
"2058","9","2","5","518","0"
"2059","9","2","5","519","0"
"2060","9","2","5","520","0"
"2061","9","2","5","521","0"
"2062","9","2","5","522","0"
"2063","9","2","5","523","0"
"2064","9","2","5","524","0"
"2065","9","2","5","525","0"
"2066","9","2","5","526","0"
"2067","9","2","5","527","0"
"2068","9","2","5","528","0"
"2069","9","2","5","529","0"
"2070","9","2","5","530","0"
"2071","9","1","6","601","0"
"2072","9","1","6","602","0"
"2073","9","1","6","603","0"
"2074","9","1","6","604","0"
"2075","9","1","6","605","0"
"2076","9","1","6","606","0"
"2077","9","1","6","607","0"
"2078","9","1","6","608","0"
"2079","9","1","6","609","0"
"2080","9","1","6","610","0"
"2081","9","1","6","611","0"
"2082","9","1","6","612","0"
"2083","9","1","6","613","0"
"2084","9","1","6","614","0"
"2085","9","1","6","615","0"
"2086","9","2","6","616","0"
"2087","9","2","6","617","0"
"2088","9","2","6","618","0"
"2089","9","2","6","619","0"
"2090","9","2","6","620","0"
"2091","9","2","6","621","0"
"2092","9","2","6","622","0"
"2093","9","2","6","623","0"
"2094","9","2","6","624","0"
"2095","9","2","6","625","0"
"2096","9","2","6","626","0"
"2097","9","2","6","627","0"
"2098","9","2","6","628","0"
"2099","9","2","6","629","0"
"2100","9","2","6","630","0"
"2101","9","1","7","701","0"
"2102","9","1","7","702","0"
"2103","9","1","7","703","0"
"2104","9","1","7","704","0"
"2105","9","1","7","705","0"
"2106","9","1","7","706","0"
"2107","9","1","7","707","0"
"2108","9","1","7","708","0"
"2109","9","1","7","709","0"
"2110","9","1","7","710","0"
"2111","9","1","7","711","0"
"2112","9","1","7","712","0"
"2113","9","1","7","713","0"
"2114","9","1","7","714","0"
"2115","9","1","7","715","0"
"2116","9","2","7","716","0"
"2117","9","2","7","717","0"
"2118","9","2","7","718","0"
"2119","9","2","7","719","0"
"2120","9","2","7","720","0"
"2121","9","2","7","721","0"
"2122","9","2","7","722","0"
"2123","9","2","7","723","0"
"2124","9","2","7","724","0"
"2125","9","2","7","725","0"
"2126","9","2","7","726","0"
"2127","9","2","7","727","0"
"2128","9","2","7","728","0"
"2129","9","2","7","729","0"
"2130","9","2","7","730","0"
"2131","9","1","8","801","0"
"2132","9","1","8","802","0"
"2133","9","1","8","803","0"
"2134","9","1","8","804","0"
"2135","9","1","8","805","0"
"2136","9","1","8","806","0"
"2137","9","1","8","807","0"
"2138","9","1","8","808","0"
"2139","9","1","8","809","0"
"2140","9","1","8","810","0"
"2141","9","1","8","811","0"
"2142","9","1","8","812","0"
"2143","9","1","8","813","0"
"2144","9","1","8","814","0"
"2145","9","1","8","815","0"
"2146","9","2","8","816","0"
"2147","9","2","8","817","0"
"2148","9","2","8","818","0"
"2149","9","2","8","819","0"
"2150","9","2","8","820","0"
"2151","9","2","8","821","0"
"2152","9","2","8","822","0"
"2153","9","2","8","823","0"
"2154","9","2","8","824","0"
"2155","9","2","8","825","0"
"2156","9","2","8","826","0"
"2157","9","2","8","827","0"
"2158","9","2","8","828","0"
"2159","9","2","8","829","0"
"2160","9","2","8","830","0"
"2161","10","5","1","101","0"
"2162","10","5","1","102","0"
"2163","10","5","1","103","0"
"2164","10","5","1","104","0"
"2165","10","5","1","105","0"
"2166","10","5","1","106","0"
"2167","10","5","1","107","0"
"2168","10","5","1","108","0"
"2169","10","5","1","109","0"
"2170","10","5","1","110","0"
"2171","10","5","1","111","0"
"2172","10","5","1","112","0"
"2173","10","5","1","113","0"
"2174","10","5","1","114","0"
"2175","10","5","1","115","0"
"2176","10","5","1","116","0"
"2177","10","5","1","117","0"
"2178","10","5","1","118","0"
"2179","10","5","1","119","0"
"2180","10","5","1","120","0"
"2181","10","5","1","121","0"
"2182","10","5","1","122","0"
"2183","10","5","1","123","0"
"2184","10","5","1","124","0"
"2185","10","5","1","125","0"
"2186","10","5","1","126","0"
"2187","10","5","1","127","0"
"2188","10","5","1","128","0"
"2189","10","5","1","129","0"
"2190","10","5","1","130","0"
"2191","10","5","2","201","0"
"2192","10","5","2","202","0"
"2193","10","5","2","203","0"
"2194","10","5","2","204","0"
"2195","10","5","2","205","0"
"2196","10","5","2","206","0"
"2197","10","5","2","207","0"
"2198","10","5","2","208","0"
"2199","10","5","2","209","0"
"2200","10","5","2","210","0"
"2201","10","5","2","211","0"
"2202","10","5","2","212","0"
"2203","10","5","2","213","0"
"2204","10","5","2","214","0"
"2205","10","5","2","215","0"
"2206","10","5","2","216","0"
"2207","10","5","2","217","0"
"2208","10","5","2","218","0"
"2209","10","5","2","219","0"
"2210","10","5","2","220","0"
"2211","10","5","2","221","0"
"2212","10","5","2","222","0"
"2213","10","5","2","223","0"
"2214","10","5","2","224","0"
"2215","10","5","2","225","0"
"2216","10","5","2","226","0"
"2217","10","5","2","227","0"
"2218","10","5","2","228","0"
"2219","10","5","2","229","0"
"2220","10","5","2","230","0"
"2221","10","5","3","301","0"
"2222","10","5","3","302","0"
"2223","10","5","3","303","0"
"2224","10","5","3","304","0"
"2225","10","5","3","305","0"
"2226","10","5","3","306","0"
"2227","10","5","3","307","0"
"2228","10","5","3","308","0"
"2229","10","5","3","309","0"
"2230","10","5","3","310","0"
"2231","10","5","3","311","0"
"2232","10","5","3","312","0"
"2233","10","5","3","313","0"
"2234","10","5","3","314","0"
"2235","10","5","3","315","0"
"2236","10","5","3","316","0"
"2237","10","5","3","317","0"
"2238","10","5","3","318","0"
"2239","10","5","3","319","0"
"2240","10","5","3","320","0"
"2241","10","5","3","321","0"
"2242","10","5","3","322","0"
"2243","10","5","3","323","0"
"2244","10","5","3","324","0"
"2245","10","5","3","325","0"
"2246","10","5","3","326","0"
"2247","10","5","3","327","0"
"2248","10","5","3","328","0"
"2249","10","5","3","329","0"
"2250","10","5","3","330","0"
"2251","10","5","4","401","0"
"2252","10","5","4","402","0"
"2253","10","5","4","403","0"
"2254","10","5","4","404","0"
"2255","10","5","4","405","0"
"2256","10","5","4","406","0"
"2257","10","5","4","407","0"
"2258","10","5","4","408","0"
"2259","10","5","4","409","0"
"2260","10","5","4","410","0"
"2261","10","5","4","411","0"
"2262","10","5","4","412","0"
"2263","10","5","4","413","0"
"2264","10","5","4","414","0"
"2265","10","5","4","415","0"
"2266","10","5","4","416","0"
"2267","10","5","4","417","0"
"2268","10","5","4","418","0"
"2269","10","5","4","419","0"
"2270","10","5","4","420","0"
"2271","10","5","4","421","0"
"2272","10","5","4","422","0"
"2273","10","5","4","423","0"
"2274","10","5","4","424","0"
"2275","10","5","4","425","0"
"2276","10","5","4","426","0"
"2277","10","5","4","427","0"
"2278","10","5","4","428","0"
"2279","10","5","4","429","0"
"2280","10","5","4","430","0"
"2281","10","5","5","501","0"
"2282","10","5","5","502","0"
"2283","10","5","5","503","0"
"2284","10","5","5","504","0"
"2285","10","5","5","505","0"
"2286","10","5","5","506","0"
"2287","10","5","5","507","0"
"2288","10","5","5","508","0"
"2289","10","5","5","509","0"
"2290","10","5","5","510","0"
"2291","10","5","5","511","0"
"2292","10","5","5","512","0"
"2293","10","5","5","513","0"
"2294","10","5","5","514","0"
"2295","10","5","5","515","0"
"2296","10","5","5","516","0"
"2297","10","5","5","517","0"
"2298","10","5","5","518","0"
"2299","10","5","5","519","0"
"2300","10","5","5","520","0"
"2301","10","5","5","521","0"
"2302","10","5","5","522","0"
"2303","10","5","5","523","0"
"2304","10","5","5","524","0"
"2305","10","5","5","525","0"
"2306","10","5","5","526","0"
"2307","10","5","5","527","0"
"2308","10","5","5","528","0"
"2309","10","5","5","529","0"
"2310","10","5","5","530","0"
"2311","10","5","6","601","0"
"2312","10","5","6","602","0"
"2313","10","5","6","603","0"
"2314","10","5","6","604","0"
"2315","10","5","6","605","0"
"2316","10","5","6","606","0"
"2317","10","5","6","607","0"
"2318","10","5","6","608","0"
"2319","10","5","6","609","0"
"2320","10","5","6","610","0"
"2321","10","5","6","611","0"
"2322","10","5","6","612","0"
"2323","10","5","6","613","0"
"2324","10","5","6","614","0"
"2325","10","5","6","615","0"
"2326","10","5","6","616","0"
"2327","10","5","6","617","0"
"2328","10","5","6","618","0"
"2329","10","5","6","619","0"
"2330","10","5","6","620","0"
"2331","10","5","6","621","0"
"2332","10","5","6","622","0"
"2333","10","5","6","623","0"
"2334","10","5","6","624","0"
"2335","10","5","6","625","0"
"2336","10","5","6","626","0"
"2337","10","5","6","627","0"
"2338","10","5","6","628","0"
"2339","10","5","6","629","0"
"2340","10","5","6","630","0"
"2341","10","5","7","701","0"
"2342","10","5","7","702","0"
"2343","10","5","7","703","0"
"2344","10","5","7","704","0"
"2345","10","5","7","705","0"
"2346","10","5","7","706","0"
"2347","10","5","7","707","0"
"2348","10","5","7","708","0"
"2349","10","5","7","709","0"
"2350","10","5","7","710","0"
"2351","10","5","7","711","0"
"2352","10","5","7","712","0"
"2353","10","5","7","713","0"
"2354","10","5","7","714","0"
"2355","10","5","7","715","0"
"2356","10","5","7","716","0"
"2357","10","5","7","717","0"
"2358","10","5","7","718","0"
"2359","10","5","7","719","0"
"2360","10","5","7","720","0"
"2361","10","5","7","721","0"
"2362","10","5","7","722","0"
"2363","10","5","7","723","0"
"2364","10","5","7","724","0"
"2365","10","5","7","725","0"
"2366","10","5","7","726","0"
"2367","10","5","7","727","0"
"2368","10","5","7","728","0"
"2369","10","5","7","729","0"
"2370","10","5","7","730","0"
"2371","10","5","8","801","0"
"2372","10","5","8","802","0"
"2373","10","5","8","803","0"
"2374","10","5","8","804","0"
"2375","10","5","8","805","0"
"2376","10","5","8","806","0"
"2377","10","5","8","807","0"
"2378","10","5","8","808","0"
"2379","10","5","8","809","0"
"2380","10","5","8","810","0"
"2381","10","5","8","811","0"
"2382","10","5","8","812","0"
"2383","10","5","8","813","0"
"2384","10","5","8","814","0"
"2385","10","5","8","815","0"
"2386","10","5","8","816","0"
"2387","10","5","8","817","0"
"2388","10","5","8","818","0"
"2389","10","5","8","819","0"
"2390","10","5","8","820","0"
"2391","10","5","8","821","0"
"2392","10","5","8","822","0"
"2393","10","5","8","823","0"
"2394","10","5","8","824","0"
"2395","10","5","8","825","0"
"2396","10","5","8","826","0"
"2397","10","5","8","827","0"
"2398","10","5","8","828","0"
"2399","10","5","8","829","0"
"2400","10","5","8","830","0"
"2401","11","5","1","101","0"
"2402","11","5","1","102","0"
"2403","11","5","1","103","0"
"2404","11","5","1","104","0"
"2405","11","5","1","105","0"
"2406","11","5","1","106","0"
"2407","11","5","1","107","0"
"2408","11","5","1","108","0"
"2409","11","5","1","109","0"
"2410","11","5","1","110","0"
"2411","11","7","1","111","0"
"2412","11","7","1","112","0"
"2413","11","7","1","113","0"
"2414","11","7","1","114","0"
"2415","11","7","1","115","0"
"2416","11","7","1","116","0"
"2417","11","7","1","117","0"
"2418","11","7","1","118","0"
"2419","11","7","1","119","0"
"2420","11","7","1","120","0"
"2421","11","2","1","121","0"
"2422","11","2","1","122","0"
"2423","11","2","1","123","0"
"2424","11","2","1","124","0"
"2425","11","2","1","125","0"
"2426","11","2","1","126","0"
"2427","11","2","1","127","0"
"2428","11","2","1","128","0"
"2429","11","2","1","129","0"
"2430","11","2","1","130","0"
"2431","11","5","2","201","0"
"2432","11","5","2","202","0"
"2433","11","5","2","203","0"
"2434","11","5","2","204","0"
"2435","11","5","2","205","0"
"2436","11","5","2","206","0"
"2437","11","5","2","207","0"
"2438","11","5","2","208","0"
"2439","11","5","2","209","0"
"2440","11","5","2","210","0"
"2441","11","7","2","211","0"
"2442","11","7","2","212","0"
"2443","11","7","2","213","0"
"2444","11","7","2","214","0"
"2445","11","7","2","215","0"
"2446","11","7","2","216","0"
"2447","11","7","2","217","0"
"2448","11","7","2","218","0"
"2449","11","7","2","219","0"
"2450","11","7","2","220","0"
"2451","11","2","2","221","0"
"2452","11","2","2","222","0"
"2453","11","2","2","223","0"
"2454","11","2","2","224","0"
"2455","11","2","2","225","0"
"2456","11","2","2","226","0"
"2457","11","2","2","227","0"
"2458","11","2","2","228","0"
"2459","11","2","2","229","0"
"2460","11","2","2","230","0"
"2461","11","5","3","301","0"
"2462","11","5","3","302","0"
"2463","11","5","3","303","0"
"2464","11","5","3","304","0"
"2465","11","5","3","305","0"
"2466","11","5","3","306","0"
"2467","11","5","3","307","0"
"2468","11","5","3","308","0"
"2469","11","5","3","309","0"
"2470","11","5","3","310","0"
"2471","11","7","3","311","0"
"2472","11","7","3","312","0"
"2473","11","7","3","313","0"
"2474","11","7","3","314","0"
"2475","11","7","3","315","0"
"2476","11","7","3","316","0"
"2477","11","7","3","317","0"
"2478","11","7","3","318","0"
"2479","11","7","3","319","0"
"2480","11","7","3","320","0"
"2481","11","2","3","321","0"
"2482","11","2","3","322","0"
"2483","11","2","3","323","0"
"2484","11","2","3","324","0"
"2485","11","2","3","325","0"
"2486","11","2","3","326","0"
"2487","11","2","3","327","0"
"2488","11","2","3","328","0"
"2489","11","2","3","329","0"
"2490","11","2","3","330","0"
"2491","11","5","4","401","0"
"2492","11","5","4","402","0"
"2493","11","5","4","403","0"
"2494","11","5","4","404","0"
"2495","11","5","4","405","0"
"2496","11","5","4","406","0"
"2497","11","5","4","407","0"
"2498","11","5","4","408","0"
"2499","11","5","4","409","0"
"2500","11","5","4","410","0"
"2501","11","7","4","411","0"
"2502","11","7","4","412","0"
"2503","11","7","4","413","0"
"2504","11","7","4","414","0"
"2505","11","7","4","415","0"
"2506","11","7","4","416","0"
"2507","11","7","4","417","0"
"2508","11","7","4","418","0"
"2509","11","7","4","419","0"
"2510","11","7","4","420","0"
"2511","11","2","4","421","0"
"2512","11","2","4","422","0"
"2513","11","2","4","423","0"
"2514","11","2","4","424","0"
"2515","11","2","4","425","0"
"2516","11","2","4","426","0"
"2517","11","2","4","427","0"
"2518","11","2","4","428","0"
"2519","11","2","4","429","0"
"2520","11","2","4","430","0"
"2521","11","5","5","501","0"
"2522","11","5","5","502","0"
"2523","11","5","5","503","0"
"2524","11","5","5","504","0"
"2525","11","5","5","505","0"
"2526","11","5","5","506","0"
"2527","11","5","5","507","0"
"2528","11","5","5","508","0"
"2529","11","5","5","509","0"
"2530","11","5","5","510","0"
"2531","11","7","5","511","0"
"2532","11","7","5","512","0"
"2533","11","7","5","513","0"
"2534","11","7","5","514","0"
"2535","11","7","5","515","0"
"2536","11","7","5","516","0"
"2537","11","7","5","517","0"
"2538","11","7","5","518","0"
"2539","11","7","5","519","0"
"2540","11","7","5","520","0"
"2541","11","2","5","521","0"
"2542","11","2","5","522","0"
"2543","11","2","5","523","0"
"2544","11","2","5","524","0"
"2545","11","2","5","525","0"
"2546","11","2","5","526","0"
"2547","11","2","5","527","0"
"2548","11","2","5","528","0"
"2549","11","2","5","529","0"
"2550","11","2","5","530","0"
"2551","11","5","6","601","0"
"2552","11","5","6","602","0"
"2553","11","5","6","603","0"
"2554","11","5","6","604","0"
"2555","11","5","6","605","0"
"2556","11","5","6","606","0"
"2557","11","5","6","607","0"
"2558","11","5","6","608","0"
"2559","11","5","6","609","0"
"2560","11","5","6","610","0"
"2561","11","7","6","611","0"
"2562","11","7","6","612","0"
"2563","11","7","6","613","0"
"2564","11","7","6","614","0"
"2565","11","7","6","615","0"
"2566","11","7","6","616","0"
"2567","11","7","6","617","0"
"2568","11","7","6","618","0"
"2569","11","7","6","619","0"
"2570","11","7","6","620","0"
"2571","11","2","6","621","0"
"2572","11","2","6","622","0"
"2573","11","2","6","623","0"
"2574","11","2","6","624","0"
"2575","11","2","6","625","0"
"2576","11","2","6","626","0"
"2577","11","2","6","627","0"
"2578","11","2","6","628","0"
"2579","11","2","6","629","0"
"2580","11","2","6","630","0"
"2581","11","5","7","701","0"
"2582","11","5","7","702","0"
"2583","11","5","7","703","0"
"2584","11","5","7","704","0"
"2585","11","5","7","705","0"
"2586","11","5","7","706","0"
"2587","11","5","7","707","0"
"2588","11","5","7","708","0"
"2589","11","5","7","709","0"
"2590","11","5","7","710","0"
"2591","11","7","7","711","0"
"2592","11","7","7","712","0"
"2593","11","7","7","713","0"
"2594","11","7","7","714","0"
"2595","11","7","7","715","0"
"2596","11","7","7","716","0"
"2597","11","7","7","717","0"
"2598","11","7","7","718","0"
"2599","11","7","7","719","0"
"2600","11","7","7","720","0"
"2601","11","2","7","721","0"
"2602","11","2","7","722","0"
"2603","11","2","7","723","0"
"2604","11","2","7","724","0"
"2605","11","2","7","725","0"
"2606","11","2","7","726","0"
"2607","11","2","7","727","0"
"2608","11","2","7","728","0"
"2609","11","2","7","729","0"
"2610","11","2","7","730","0"
"2611","11","5","8","801","0"
"2612","11","5","8","802","0"
"2613","11","5","8","803","0"
"2614","11","5","8","804","0"
"2615","11","5","8","805","0"
"2616","11","5","8","806","0"
"2617","11","5","8","807","0"
"2618","11","5","8","808","0"
"2619","11","5","8","809","0"
"2620","11","5","8","810","0"
"2621","11","7","8","811","0"
"2622","11","7","8","812","0"
"2623","11","7","8","813","0"
"2624","11","7","8","814","0"
"2625","11","7","8","815","0"
"2626","11","7","8","816","0"
"2627","11","7","8","817","0"
"2628","11","7","8","818","0"
"2629","11","7","8","819","0"
"2630","11","7","8","820","0"
"2631","11","2","8","821","0"
"2632","11","2","8","822","0"
"2633","11","2","8","823","0"
"2634","11","2","8","824","0"
"2635","11","2","8","825","0"
"2636","11","2","8","826","0"
"2637","11","2","8","827","0"
"2638","11","2","8","828","0"
"2639","11","2","8","829","0"
"2640","11","2","8","830","0"